{"cameraMode":{"drawMode":0,"name":"Shaded","section":"Shading Mode"},"sceneLighting":false,"audioPlay":false,"sceneViewState":{"showFog":true,"showMaterialUpdate":false,"showSkybox":true,"showFlares":true,"showImageEffects":true,"showParticleSystems":true},"in2DMode":false,"pivot":{"x":-7.311925411224365,"y":-28.05841064453125,"z":-38.15208435058594},"rotation":{"x":-0.31409192085266116,"y":0.002848841482773423,"z":-0.0009423436131328344,"w":-0.9493878483772278},"size":139.4206085205078,"orthographic":false}