{"cameraMode":{"drawMode":0,"name":"Shaded","section":"Shading Mode"},"sceneLighting":false,"audioPlay":false,"sceneViewState":{"showFog":true,"showMaterialUpdate":false,"showSkybox":true,"showFlares":true,"showImageEffects":true,"showParticleSystems":true},"in2DMode":false,"pivot":{"x":0.10825824737548828,"y":19.5513916015625,"z":3.8749382495880129},"rotation":{"x":-0.019500186666846277,"y":0.0015003647422417999,"z":-0.000029117560188751668,"w":-0.9998087286949158},"size":25.666046142578126,"orthographic":false}