{"cameraMode":{"drawMode":0,"name":"Shaded","section":"Shading Mode"},"sceneLighting":false,"audioPlay":false,"sceneViewState":{"showFog":true,"showMaterialUpdate":false,"showSkybox":true,"showFlares":true,"showImageEffects":true,"showParticleSystems":true},"in2DMode":false,"pivot":{"x":962.8711547851563,"y":265.5239562988281,"z":-14.419189453125},"rotation":{"x":0.003001021221280098,"y":-0.018592070788145067,"z":0.00005576798503170721,"w":0.9998226761817932},"size":1194.4366455078125,"orthographic":false}